Product Name,Short Description,Long Description,Image URL,Tags
!AL파이프렌치,,"스마토*12""*300mm/ 스마토*14""*350mm/ 스마토*18""*450mm",https://via.placeholder.com/150,"스패너/렌치, 파이프렌치"
!라쳇렌치,,알덴*AL-1000*8/9*11/13,https://via.placeholder.com/150,"스패너/렌치, 라쳇렌치"
!메타폴 확관기,,철.AL,https://via.placeholder.com/150,"배관공구, 확관기"
!몽키,,"스마토*10""*250mm/ 스마토*12""*300mm/ 스마토*15""*375mm/ 스마토*18""*450mm/ 스마토*8""*200mm",https://via.placeholder.com/150,"스패너/렌치, 몽키스패너"
!바이스그립,,어윈*10WRFR*고무그립,https://via.placeholder.com/150,"플라이어, 바이스그립플라이어"
!비압착펜치,,KLEIN*D213-9NE*청색,https://via.placeholder.com/150,"펜치/니퍼, 일반펜치"
!옵셑렌치*메가네스패너,,10*12/ 12*14/ 19*21/ 세신*8*9,https://via.placeholder.com/150,"스패너/렌치, 옵셋렌치"
!칼라그립몽키,,"스마토*6""*SM-C06",https://via.placeholder.com/150,"스패너/렌치, 몽키스패너"
!테퍼드릴*SEDA,,14.5mm~31mm,https://via.placeholder.com/150,"기리, 테퍼드릴"
!파이프렌치,,"스마토*10""*250mm/ 스마토*12""*300mm/ 스마토*14""*350mm/ 스마토*8""*200mm",https://via.placeholder.com/150,"스패너/렌치, 파이프렌치"
!파이프커터,,러너*VK20,https://via.placeholder.com/150,"커터, 파이프커터"
AL레기,,대형*600mm,https://via.placeholder.com/150,"원예용품, 레기"
AL우마*접이식,,300*1600,https://via.placeholder.com/150,"운반하역, 우마"
AL절단날,,"마그마*14""*120날",https://via.placeholder.com/150,"절단날, 알루미늄날"
AL파이프렌치,,"세신*10""*250mm~세신*36""*900mm",https://via.placeholder.com/150,"스패너/렌치, 파이프렌치"
A형사다리,,3자*AH형*SY103/ 4자*AH형*SY104/ 5자*AH형*SY105/ 7자,https://via.placeholder.com/150,"운반하역, A형사다리"
CD전선관커터,,22mm/ 28mm,https://via.placeholder.com/150,"커터, 기타커터"
C클램프*만력기,,"대원*5""",https://via.placeholder.com/150,"클램프, C클램프"
LPG카,,1구,https://via.placeholder.com/150,"운반하역, 수레"
LS사다리,,10단*A형~9단*A형,https://via.placeholder.com/150,"운반하역, LS사다리"
L렌치*육각렌치,,알덴*CR008*inch/ 알덴*CR008*mm/ 알덴*ELB1510-9/ 알덴*LB1510-9,https://via.placeholder.com/150,"육각렌치, 육각렌치세트"
L렌치*접이식*별렌치,,알덴*FT515-7/ 알덴*KT-1040-7*황색/ 알덴*OKT-1040-7*보라,https://via.placeholder.com/150,"육각렌치, 육각렌치세트"
L렌치*접이식*육각렌치,,알덴*F2510-7/ 알덴*KTD-35-6*녹색/ 알덴-KT1560-7*적색,https://via.placeholder.com/150,"육각렌치, 육각렌치세트"
L클램프,,스마토*J01*200*80~스마토*J06*600*120,https://via.placeholder.com/150,"클램프, L클램프"
MAX노미,,18*280*SUN POWER/ 18*350*SUN POWER/ 18*450*SUN POWER,https://via.placeholder.com/150,"비트, SDS노미"
MAX드릴비트,,14.3*320mm*SUN POWER~38*505mm*SUN POWER,https://via.placeholder.com/150,"비트, SDS-MAX"
PE코팅사다리,,NA200mm*22mm*텍스타/ NA300mm*22mm*텍스타,https://via.placeholder.com/150,"운반하역, 멘홀사다리"
PVC공구함,,정광*J-103*양개폐형/ 정광*J-201*적색양개폐형/ 정광*J-502/ 정광*J-601/ 정광*J-701*트렁크정리함,https://via.placeholder.com/150,"공구함부품함, 공구함"
PVC삽,,잠자리표*회색,https://via.placeholder.com/150,"원예용품, 삽"
P기름자바라*석유펌프,,소*뽕뽕이,https://via.placeholder.com/150,"청소용품, 석유펌프"
P쓰레받이,,nan,https://via.placeholder.com/150,"청소용품, 쓰레받이"
P헤라,,백색*160mm/ 백색*30mm/ 백색*톱니*160mm,https://via.placeholder.com/150,"미장공구, 헤라"
가위집,,가야*KL-11*1구/ 가야*KL-22*2구,https://via.placeholder.com/150,"공구함부품함, 공구집"
가정용공구세트,,스마토*20P,https://via.placeholder.com/150,"공구함부품함, 공구세트"
가정용사다리,,2단*SY902,https://via.placeholder.com/150,"운반하역, 가정용사다리"
각삽,,nan/ 잠자리표,https://via.placeholder.com/150,"원예용품, 삽"
강력니퍼,,"세신*6""*T20/ 세신*7""*J17",https://via.placeholder.com/150,"펜치/니퍼, 강력니퍼"
개량괭이*호빠,,잠자리표,https://via.placeholder.com/150,"원예용품, 괭이"
거두톱,,백마*TH2000*460mm*P손잡이,https://via.placeholder.com/150,"원예용품, 고지톱"
거울,,450*600*5T/ 600*600*5T/ 600*900*5T,https://via.placeholder.com/150,"측정공구, 거울"
건식코어비트,,이화*108mm~이화*88mm,https://via.placeholder.com/150,"홀쏘코어, 건식코어비트"
건식코어연결대,,이화*300mm/ 이화*400mm/ 이화*500mm,https://via.placeholder.com/150,"홀쏘코어, 건식코어비트"
겐노,,3kg*자루별도,https://via.placeholder.com/150,"망치, 기타망치"
견인바,,25mm,https://via.placeholder.com/150,"운반하역, 기타운반하역"
결속핸들,,주황색,https://via.placeholder.com/150,"목공구, 기타목공구"
결속핸들*일산,,일심*102/ 일심*115,https://via.placeholder.com/150,"목공구, 기타목공구"
경계석걸이,,2개=1조,https://via.placeholder.com/150,"운반하역, 기타운반하역"
고무망치,,흑색*12 OZ*한신/ 흑색*16 OZ*한신/ 흑색*24 OZ*한신,https://via.placeholder.com/150,"망치, 고무망치"
고무밀대*자루별도,,리빙엔젤*750mm*,https://via.placeholder.com/150,"청소용품, 고무밀대"
고무헤라,,"P손잡이*5""",https://via.placeholder.com/150,"미장공구, 헤라"
고지톱,,백마*5.1m,https://via.placeholder.com/150,"원예용품, 고지톱"
고지톱교체날,,백마*5.1m용,https://via.placeholder.com/150,"원예용품, 고지톱"
곡갱이,,반평*자루별도/ 양뿔*자루별도/ 완평*자루별도/ 조경용*자루별도/ 중형*자루별도,https://via.placeholder.com/150,"원예용품, 괭이"
골노미*홈파기날,,육각,https://via.placeholder.com/150,"비트, SDS노미"
공구집,,스마토*2구-224/ 스마토*SMT-2,https://via.placeholder.com/150,"공구함부품함, 공구집"
공기용바퀴,,"리어카용*26""/ 사각핸디카용*350-5/ 일륜차.이륜차용*325-8(13-3)/ 핸디카용*260-85",https://via.placeholder.com/150,"운반하역, 공기바퀴"
공업망치*볼핀,,16 OZ,https://via.placeholder.com/150,"망치, 기타망치"
교체용 알로라,,"4""*5개",https://via.placeholder.com/150,"미장공구, 로라"
구두칼,,신성*최고급,https://via.placeholder.com/150,"미장공구, 기타미장공구"
구리스건,,마토*E503*500cc/ 프레솔*500cc,https://via.placeholder.com/150,"오일펌프/건, 구리스펌프"
구리스고무굿찌,,호스*300mm*할바우/ 호스*500mm*할바우,https://via.placeholder.com/150,"오일펌프/건, 구리스펌프"
구석모서리대패,,철마*145mm*GM28,https://via.placeholder.com/150,"목공구, 대패"
구화,,nan,https://via.placeholder.com/150,"원예용품, 레기"
그룹조인트플라이어*워터펌프플라이어,,"세신*10""/ 세신*12""/ 세신*8""",https://via.placeholder.com/150,"플라이어, 워터펌프플라이어"
금속용톱*PVC톱,,아로스*KZ-24,https://via.placeholder.com/150,"철공공구, 쇠톱"
금속용톱교체날*PVC톱교체날,,아로스*KZ-24-1,https://via.placeholder.com/150,"철공공구, 쇠톱"
기름걸레*셋트,,1.5자/ 2자/ 3자,https://via.placeholder.com/150,"청소용품, 기름걸레"
기름걸레오일,,원코트*3.75L*코머스켐,https://via.placeholder.com/150,"청소용품, 기름걸레"
기리스기,,광신*V자,https://via.placeholder.com/150,"미장공구, 고대"
끈끈이,,1판 5ea,https://via.placeholder.com/150,"문구, 기타사무용품"
나대,,나무자루,https://via.placeholder.com/150,"원예용품, 나대"
나무고대,,보강*300mm,https://via.placeholder.com/150,"미장공구, 고대"
나이롱비,,nan,https://via.placeholder.com/150,"청소용품, 나이롱비"
납흡입기,,DS-1010,https://via.placeholder.com/150,"청소용품, 기타청소용품"
내리삽*비빔삽,,나무자루,https://via.placeholder.com/150,"원예용품, 삽"
냉가고대,,광신*대*날195mm*장,https://via.placeholder.com/150,"미장공구, 고대"
농약분무기*등짐용,,스마토*플라스틱*LK20C*20L,https://via.placeholder.com/150,"원예용품, 분무기"
니퍼,,"로브스타*6""*2706",https://via.placeholder.com/150,"펜치/니퍼, 니퍼"
다기능특수고무헤라,,상진,https://via.placeholder.com/150,"미장공구, 헤라"
다목적가위,,화신*P-220/ 화신*P-300/ 화신*P-800,https://via.placeholder.com/150,"칼/가위, 다목적가위"
다목적롱노우즈,,"세신*6""*SB-MLP150",https://via.placeholder.com/150,"플라이어, 롱노우즈플라이어"
다용도기리셋트,,보쉬*100P,https://via.placeholder.com/150,"공구함부품함, 공구세트"
단조노미,,대*샤우드,https://via.placeholder.com/150,"노미다가네, 단조노미"
단조다가네,,대/ 소/ 중,https://via.placeholder.com/150,"노미다가네, 단조다가네"
단조빠루,,1.5자~6자,https://via.placeholder.com/150,"빠루, 단조빠루"
대패,,옥천*65mm*OC65,https://via.placeholder.com/150,"목공구, 대패"
덧신(슈커버),,발싸게,https://via.placeholder.com/150,"문구, 기타사무용품"
뎃고.지렛대,,4자/ 5자,https://via.placeholder.com/150,"빠루, 뎃고"
도로비,,삼각도로비,https://via.placeholder.com/150,"청소용품, 도로비"
도비시노(비계시노),,성창,https://via.placeholder.com/150,"목공구, 기타목공구"
도스기톱날,,BAKUMA*265mm/ BAKUMA*300mm/ 타지마*GNB-265mm/ 타지마*GNB-300mm,https://via.placeholder.com/150,"목공구, 톱"
도스기톱자루,,WHALE*일산,https://via.placeholder.com/150,"목공구, 톱"
동축케이블탈피기,,KTF*HT-332,https://via.placeholder.com/150,"전설공구, 스트리퍼"
동파이프커터,,공성*TC-105(3~32mm)/ 슈퍼*TC-105(3~32mm)/ 슈퍼*TC-107(5~45mm)/ 슈퍼*TC-205(6~60mm),https://via.placeholder.com/150,"커터, 동파이프커터"
동파이프커터교체날,,슈퍼*TCC-1050(105.107용)/ 슈퍼*TCC-2050(205용),https://via.placeholder.com/150,"커터, 동파이프커터"
디지털테스터,,태광*TK-3204,https://via.placeholder.com/150,"측정공구, 테스터기"
라쳇렌치(겐사끼),,스마토*14*17~스마토*24*27,https://via.placeholder.com/150,"스패너/렌치, 라쳇렌치"
라쳇콤비렌치,,스마토*10mm~스마토*9mm,https://via.placeholder.com/150,"스패너/렌치, 콤비네이션렌치"
라쳇콤비렌치*플렉시블,,스마토*10mm~스마토*8mm,https://via.placeholder.com/150,"스패너/렌치, 콤비네이션렌치"
라쳇핸들,,세신*1/2*오뚜기형/ 세신*3/8*오뚜기형,https://via.placeholder.com/150,"소켓렌치, 핸들"
라쳇핸들*72T,,지니어스*1/2*72T,https://via.placeholder.com/150,"소켓렌치, 핸들"
락킹플라이어,,"세신*7""*SB-7WR",https://via.placeholder.com/150,"플라이어, 바이스그립플라이어"
랜턴,,맥라이트*소*M3A016L*배터리,https://via.placeholder.com/150,"랜턴, 손전등"
레버블럭,,REX*6T,https://via.placeholder.com/150,"운반하역, 레바블록"
로드바인다,,3/8*1/2/ 5/16~3/8,https://via.placeholder.com/150,"운반하역, 기타운반하역"
로타리펌프*기름자바라,,화남*RP-25,https://via.placeholder.com/150,"청소용품, 석유펌프"
롱노우즈,,"로브스타*6""*2606",https://via.placeholder.com/150,"플라이어, 롱노우즈플라이어"
롱핸디소켓*1/2,,15mm~8mm,https://via.placeholder.com/150,"소켓렌치, 핸디소켓"
마그네틱바,,휴대용*305mm*스마토,https://via.placeholder.com/150,"공구함부품함, 공구집"
마른날,,"이화 10""*2.7T~이화*U컵*5""*마루가공용",https://via.placeholder.com/150,"절단날, 마른날"
마포걸레,,연청걸레,https://via.placeholder.com/150,"청소용품, 대걸레"
막삽,,nan/ 잠자리표,https://via.placeholder.com/150,"원예용품, 삽"
만능T복스,,9mm*200mm*금강정밀,https://via.placeholder.com/150,"소켓렌치, T복스렌치"
말용건*소시지건,,스마토*JM-158M,https://via.placeholder.com/150,"오일펌프/건, 구리스펌프"
망치자루,,nan,https://via.placeholder.com/150,"망치, 기타망치"
먹물,,서원*흑색*대/ 서원*흑색*소,https://via.placeholder.com/150,"목공구, 먹줄"
먹통,,대명*수동,https://via.placeholder.com/150,"목공구, 먹줄"
멀티커터,,"톤*14""*80R/ 톤*4""*36R*4000/ 톤*7""*52R*5000",https://via.placeholder.com/150,"절단날, 멀티날"
멘홀사다리*스텐사다리,,300mm*19mm,https://via.placeholder.com/150,"운반하역, 멘홀사다리"
목수망치*유리망치,,소,https://via.placeholder.com/150,"망치, 기타망치"
목수실,,백색*대*500m/ 백색*소*250m,https://via.placeholder.com/150,"목공구, 먹줄"
몰탈믹서기날,,3날,https://via.placeholder.com/150,"기리, 믹서기날"
몰탈믹서기육각봉,,10mm,https://via.placeholder.com/150,"기리, 믹서기날"
못주머니,,국방*KH*K-2/ 국방*KWANG HUN*대/ 황색*KH*K-1,https://via.placeholder.com/150,"공구함부품함, 못주머니"
몽키,,"세신*10""*250mm~세신*8""*200mm",https://via.placeholder.com/150,"스패너/렌치, 몽키스패너"
무진동함마망치,,부강*3LB*대*칼라손잡이,https://via.placeholder.com/150,"망치, 함마망치"
물날,,"이화*7""*1.6T/ 이화*8""*1.7T",https://via.placeholder.com/150,"절단날, 물날"
미니로라,,"4""",https://via.placeholder.com/150,"미장공구, 로라"
미니플라이어,,"세신*4.5""",https://via.placeholder.com/150,"플라이어, 플라이어"
미장붓,,"10""*7호",https://via.placeholder.com/150,"미장공구, 붓"
미장판,,PVC,https://via.placeholder.com/150,"미장공구, 기타미장공구"
밀감가위,,아로스*310,https://via.placeholder.com/150,"원예용품, 전정가위"
바퀴용튜브,,"리어카용*26""/ 핸디카용*260-85",https://via.placeholder.com/150,"운반하역, 공기바퀴"
반대탭,,삼정*806*3/8*10mm/ 삼정*807*1/2*15mm/ 삼정*808*3/4*20mm,https://via.placeholder.com/150,"철공공구, 반대탭"
반대탭셋트,,삼정*801~805*5P,https://via.placeholder.com/150,"철공공구, 반대탭"
반생커터,,"ARM*12""*300mm~스마토*36""*900mm",https://via.placeholder.com/150,"커터, 반생커터"
반생커터*미니손커터,,"스마토*8""",https://via.placeholder.com/150,"커터, 반생커터"
방수비,,nan,https://via.placeholder.com/150,"미장공구, 기타미장공구"
벨트슬링*S마크,,"1""*3m~4""*9m",https://via.placeholder.com/150,"운반하역, 벨트슬링"
병매직,,검정,https://via.placeholder.com/150,"문구, 유성매직"
보드마카지우개,,nan,https://via.placeholder.com/150,"문구, 보드마카펜"
보드마카펜,,흑색*모나미,https://via.placeholder.com/150,"문구, 보드마카펜"
분도기,,블루버드*JN15-90,https://via.placeholder.com/150,"측정공구, 각도자"
분통,,수동*타지마*PL-CLMT*15m,https://via.placeholder.com/150,"목공구, 먹줄"
비트날*#2,,베셀*BW212*65mm/ 베셀*BW213*110mm,https://via.placeholder.com/150,"비트, 비트날"
빔클램프*수평,,1TON*HLC1*TON/ 2TON*HLC2*TON,https://via.placeholder.com/150,"클램프, 빔클렘프"
빵구셋트,,TW-001,https://via.placeholder.com/150,"차량공구, 기타차량용품"
삼태기쓰레받이,,대,https://via.placeholder.com/150,"청소용품, 쓰레받이"
삽냉가고대,,광신*날190,https://via.placeholder.com/150,"미장공구, 고대"
삽자루,,나무손잡이,https://via.placeholder.com/150,"원예용품, 삽"
석필,,곽,https://via.placeholder.com/150,"문구, 석필"
소켓렌치셋트,,세신*1/2*16P*mm/ 세신*3/4*21P*mm,https://via.placeholder.com/150,"소켓렌치, 소켓렌치세트"
소켓아답타(변환아답타),,MKK*DSA12.7,https://via.placeholder.com/150,"소켓렌치, 아답타"
소프트제수변용*T키,,1.5m,https://via.placeholder.com/150,"배관공구, 기타배관공구"
손도끼,,세화*제일/ 에베레스트*600g,https://via.placeholder.com/150,"도끼, 손도끼"
손잡이대차,,대*600*900/ 소*450*750/ 중*550*850,https://via.placeholder.com/150,"운반하역, 대차"
손타카건,,하나*8-13,https://via.placeholder.com/150,"문구, 손타카건"
손타카핀,,영우*1210*1000PCS,https://via.placeholder.com/150,"문구, 손타카건"
쇠기리,,1.0-1.5mm~9.6~9.9*봉,https://via.placeholder.com/150,"기리, 쇠기리"
수레바가지,,PVC/ 철,https://via.placeholder.com/150,"운반하역, 수레"
수로관집게,,600mm*와이어포함형*샤클제외*2개,https://via.placeholder.com/150,"배관공구, 기타배관공구"
수밀시험기*고무,,대원*100*CT(고무)/ 대원*150*CT(고무)/ 대원*200*CT(고무)/ 대원*250*CT(고무)/ 대원*300*CT(고무),https://via.placeholder.com/150,"배관공구, 수밀시험기"
수밀시험기*공기방출형,,대원*100*AT(쇠)/ 대원*150*AT(쇠)/ 대원*200*AT(쇠)/ 대원*250*AT(쇠)/ 대원*300*AT(쇠),https://via.placeholder.com/150,"배관공구, 수밀시험기"
수밀시험기부속,,비이커/ 수직시험관,https://via.placeholder.com/150,"배관공구, 수밀시험기"
수성로라,,"4""/ 6""/ 9""",https://via.placeholder.com/150,"미장공구, 로라"
수성사인펜,,문화*흑색,https://via.placeholder.com/150,"문구, 사인펜"
수수비,,A*녹색비,https://via.placeholder.com/150,"청소용품, 수수비"
수압테스타기 호스,,nan,https://via.placeholder.com/150,"배관공구, 수압테스터기"
수압테스타기*50K,,공성*KP35,https://via.placeholder.com/150,"배관공구, 수압테스터기"
숫돌거치대,,nan,https://via.placeholder.com/150,"문구, 숫돌"
스노우체인,,1톤포터용*500-12,https://via.placeholder.com/150,"차량공구, 스노우체인"
스크레퍼,,한서*200*AL자루포함/ 한서*300*AL자루포함,https://via.placeholder.com/150,"미장공구, 스크레퍼"
스타빌라 수평대,,1000mm~자석800mm,https://via.placeholder.com/150,"측정공구, 수평대"
스텐낫호미,,일본식*소/ 일본식*장/ 일본식*중,https://via.placeholder.com/150,"원예용품, 호미"
스텐모종삽,,소형*적색손잡이,https://via.placeholder.com/150,"원예용품, 삽"
스텐파이프커터교체날,,슈퍼*TCC-1070H(105.107용)/ 슈퍼*TCC-2050H(205용),https://via.placeholder.com/150,"커터, 파이프커터"
스텐헤라*경화형,,"1 1/4""*S~6""*S",https://via.placeholder.com/150,"미장공구, 헤라"
스패너,,스마토*10mm~스마토*9mm,https://via.placeholder.com/150,"스패너/렌치, 스패너"
스펀지밀대*자루별도,,리빙엔젤*450mm/ 리빙엔젤*600mm/ 리빙엔젤*750mm,https://via.placeholder.com/150,"청소용품, 스펀지밀대"
슬라이딩T핸들,,"세신*1/2*10""",https://via.placeholder.com/150,"소켓렌치, 핸들"
습식코어비트,,"이화*1""~이화*7""",https://via.placeholder.com/150,"홀쏘코어, 습식코어비트"
습식코어연결대,,이화*250mm/ 이화*300mm,https://via.placeholder.com/150,"홀쏘코어, 습식코어비트"
신발정리집게,,스텐봉*900mm,https://via.placeholder.com/150,"청소용품, 집게"
실리콘건,,PVC/ 신성*이지스톱건/ 타지마*CNV100SP,https://via.placeholder.com/150,"오일펌프/건, 실리콘건"
실리콘헤라,,대*대나무손잡이,https://via.placeholder.com/150,"미장공구, 헤라"
써클커터,,간자와*K-101,https://via.placeholder.com/150,"커터, 써클커터"
쓰리엠절단석,,"4""*THIN",https://via.placeholder.com/150,"절단석, 절단석*쓰리엠"
쓰리엠절단석,,"14""*녹색*고급형*GREENCORP",https://via.placeholder.com/150,"절단석, 절단석14"
쓰리엠절단석,,"16""*녹색*GREENCORP",https://via.placeholder.com/150,"절단석, 절단석16"
아나로그테스터,,태광*TM-360R,https://via.placeholder.com/150,"측정공구, 테스터기"
아바,,SDS*AB300-1*2단,https://via.placeholder.com/150,"홀쏘코어, 아바"
아크릴칼날,,타지마*LCB70A,https://via.placeholder.com/150,"칼/가위, 커터칼"
아크릴캇타칼,,타지마*LC701,https://via.placeholder.com/150,"칼/가위, 커터칼"
안짱빠루*폼바라시,,파이프*1000mm,https://via.placeholder.com/150,"빠루, 파이프바라시빠루"
앙카펀치*단,,5/8*삼정정밀,https://via.placeholder.com/150,"망치, 앙카펀치"
앵글수평자*슬란트,,SB*비자석*TL-100/ SB*자석*TL-100M,https://via.placeholder.com/150,"측정공구, 각도자"
앵글직각자*접이식,,MTT*MS-200/ MTT*MS-250,https://via.placeholder.com/150,"측정공구, 각도자"
야자솔,,nan,https://via.placeholder.com/150,"청소용품, 바닥솔"
약초괭이,,2발,https://via.placeholder.com/150,"원예용품, 괭이"
양변기관통기,,1M,https://via.placeholder.com/150,"청소용품, 스프링청소기"
양손가위,,아로스*K-900Z*3단/ 화신*K-1100S,https://via.placeholder.com/150,"원예용품, 양손가위"
양손가위교체날,,아로스*K-1100용,https://via.placeholder.com/150,"원예용품, 양손가위"
양어장밀대,,nan,https://via.placeholder.com/150,"청소용품, 스펀지밀대"
양용비트날*#2,,센툴*6*65mm*(+)(-)*10개,https://via.placeholder.com/150,"비트, 비트날"
양정고대,,미래*1자*300mm,https://via.placeholder.com/150,"미장공구, 고대"
양정흙손,,미래*1.2자,https://via.placeholder.com/150,"미장공구, 흙손"
에어건,,금강*스틸*KSD300L,https://via.placeholder.com/150,"오일펌프/건, 에어건"
엑셀풀림기,,200m용,https://via.placeholder.com/150,"배관공구, 파이프풀림기"
연결대(익스텐션바),,"세신*1/2*10""/ 세신*1/2*3""/ 세신*3/4*8""/ 세신*3/8*6""",https://via.placeholder.com/150,"소켓렌치, 연결대"
연귀자,,블루텍*BD-SL11T,https://via.placeholder.com/150,"측정공구, 직각자"
예초기날,,"토요가네*10""*40P*TO2540",https://via.placeholder.com/150,"절단날, 예초기날"
예초기줄날,,2.4mm*백색40feet*12m/ 토요가네*2.4mm*76m*오렌지색,https://via.placeholder.com/150,"절단날, 예초기날"
오사이흙손,,광신*7치*210mm,https://via.placeholder.com/150,"미장공구, 흙손"
오삽,,nan,https://via.placeholder.com/150,"원예용품, 삽"
오일작기,,2TON*스마토/ 3TON*스마토,https://via.placeholder.com/150,"차량공구, 쟉키"
오일펌프,,대*520CC,https://via.placeholder.com/150,"오일펌프/건, 오일펌프"
오함마머리,,3kg*자루별도/ 5kg*자루별도,https://via.placeholder.com/150,"망치, 오함마"
와이드몽키,,TOP*HY26S/ TOP-HY38S/ TOP-HY49S,https://via.placeholder.com/150,"스패너/렌치, 몽키스패너"
와이어브러쉬,,대*38mm/ 소*27mm/ 스텐*38mm/ 치솔*신주,https://via.placeholder.com/150,"절단날, 휠브러쉬"
와이어시노,,nan,https://via.placeholder.com/150,"목공구, 기타목공구"
와이어시노*일산,,일심*135,https://via.placeholder.com/150,"목공구, 기타목공구"
외사다리,,3020*2m*6단*폭;430mm~360호*18단,https://via.placeholder.com/150,"운반하역, 외사다리"
외장실,,14호*0.62mm,https://via.placeholder.com/150,"측정공구, 외장실"
요비선,,동산*30m*6.7Φ/ 동산*50m*6.7Φ,https://via.placeholder.com/150,"전설공구, 요비선"
용접기리,,10mm*600*긴죠,https://via.placeholder.com/150,"기리, 기타기리"
우레탄도끼,,8LB*광신,https://via.placeholder.com/150,"도끼, 우레탄도끼"
우레탄바퀴,,"1""*회전*쌀통용~3""*회전B/K",https://via.placeholder.com/150,"운반하역, 우레탄바퀴"
우레탄바퀴*경량,,"4""*고정/ 4""*회전/ 4""*회전B/K",https://via.placeholder.com/150,"운반하역, 우레탄바퀴"
우레탄바퀴*경량*대차용,,"5""*고정/ 6""",https://via.placeholder.com/150,"운반하역, 우레탄바퀴"
우레탄바퀴*중량,,"4""*고정~8""*회전B/K",https://via.placeholder.com/150,"운반하역, 우레탄바퀴"
우레탄오함마,,2.5kg/ 4kg,https://via.placeholder.com/150,"망치, 오함마"
워킹메타,,SB*WM-10K,https://via.placeholder.com/150,"측정공구, 워킹메타"
워터펌프플라이어,,"로브스타*10""*2310P/ 로브스타*12""*2312P",https://via.placeholder.com/150,"플라이어, 워터펌프플라이어"
원예사다리,,10단*3m~9단,https://via.placeholder.com/150,"운반하역, 원예사다리"
유니버셜조인트,,세신*1/2/ 세신*3/8,https://via.placeholder.com/150,"소켓렌치, 연결대"
유리창닦이,,대*24*8cm,https://via.placeholder.com/150,"청소용품, 기타청소용품"
유리칼,,스마토*SM-GL01,https://via.placeholder.com/150,"칼/가위, 커터칼"
유리흡착기,,금성*KS-708*조,https://via.placeholder.com/150,"운반하역, 기타운반하역"
유성로라,,"4""/ 6""/ 8""/ 9""",https://via.placeholder.com/150,"미장공구, 로라"
유성매직*모나미,,흑색/ 흑색*12개,https://via.placeholder.com/150,"문구, 유성매직"
육각노미,,17*1000mm*SUN POWER/ 17*280mm*SUN POWER/ 17*450mm*SUN POWER/ 17*750mmm*SUN POWER/ KH65*30*408*쁘레카용,https://via.placeholder.com/150,"비트, SDS노미"
육각드릴비트,,14.3*280mm*SUN POWER~38*505mm*SUN POWER,https://via.placeholder.com/150,"비트, SDS-HEX"
육지호미,,대,https://via.placeholder.com/150,"원예용품, 호미"
이단갈퀴,,철,https://via.placeholder.com/150,"원예용품, 갈고리"
이중고무압축기,,nan,https://via.placeholder.com/150,"청소용품, 압축기"
인테리어빠루,,도규*200mm*V형/ 도규*250mm*V형/ 도규*300mm*V형,https://via.placeholder.com/150,"빠루, 인테리어빠루"
일단갈퀴,,PVC,https://via.placeholder.com/150,"원예용품, 갈고리"
일반붓,,"2""*4호/ 3""*4호/ 5""*5호",https://via.placeholder.com/150,"미장공구, 붓"
임팩소켓*1/2,,30mm/ 32mm,https://via.placeholder.com/150,"소켓렌치, 임팩소켓"
자동결속핸들,,nan,https://via.placeholder.com/150,"철공공구, 기타철공공구"
자동바,,10m*삼각,https://via.placeholder.com/150,"운반하역, 자동바"
자동바 교체용끈,,10m*삼각/ 8m*삼각,https://via.placeholder.com/150,"운반하역, 자동바"
자동바 라쳇트,,삼각,https://via.placeholder.com/150,"운반하역, 자동바"
자동스트리퍼,,베셀*3000B*1mm~3.2mm,https://via.placeholder.com/150,"전설공구, 스트리퍼"
자루바닥솔*봉솔,,nan,https://via.placeholder.com/150,"청소용품, 바닥솔"
자석망치,,도규*390mm*中/ 도규*450mm*中,https://via.placeholder.com/150,"망치, 빠루망치"
자석수평대,,SB-CIV3-9/ SB-PRV3-9,https://via.placeholder.com/150,"측정공구, 수평대"
전공드라이버,,선플라그*6600-100mm*+/ 선플라그*6600-200mm*+,https://via.placeholder.com/150,"드라이버, 전공드라이버"
전공양용드라이버*길이조절,,센툴*5*200mm*청색,https://via.placeholder.com/150,"드라이버, 전공드라이버"
전정가위,,kanetsugu*GOLD8/ 아로스*120S-8,https://via.placeholder.com/150,"원예용품, 전정가위"
절단*타일날,,"톤*4""*1.2T*SC105/ 톤*5""*1.2T*SC125",https://via.placeholder.com/150,"절단날, 타일날"
절단석,,"보쉬*4""*1T",https://via.placeholder.com/150,"절단석, 절단석*보쉬"
절단석*스텐겸용,,"로디우스4""*XT-10/ 로디우스5""*XT-10*1.3T/ 로디우스5""*XTK-8",https://via.placeholder.com/150,"절단석, 절단석*로디우스"
접톱,,백마*TH9-270mm/ 아로스*DX210/ 타지마*GK-G210/ 타지마*GK-G240,https://via.placeholder.com/150,"원예용품, 전정톱"
정밀드라이버,,베셀*9900*100mm*+/ 베셀*9900*150mm*+,https://via.placeholder.com/150,"드라이버, 정밀드라이버"
제일절단석,,"4""*망옵셑/ 7""*3T*망옵셑",https://via.placeholder.com/150,"절단석, 망옵셑"
제일절단석,,"4""*6T*옵셑/ 7""*8T*옵셑",https://via.placeholder.com/150,"절단석, 옵셑"
제일절단석,,"4""*2T/ 4""*스텐날*WA/ 7""*2T/ 7""*WA*스텐",https://via.placeholder.com/150,"절단석, 절단석*제일"
제일절단석,,"3""*컵돌",https://via.placeholder.com/150,"절단석, 컵돌"
조경삽,,금학A,https://via.placeholder.com/150,"원예용품, 삽"
조기대,,MKK NKW*600mm/ MKK*900mm,https://via.placeholder.com/150,"목공구, 톱작업대"
종이페파,,50#/ 50#*100장,https://via.placeholder.com/150,"절단날, 사포"
주먹양용드라이버,,센툴*5*75*길이조절형*청색,https://via.placeholder.com/150,"드라이버, 주먹드라이버"
주먹요구,,나무손잡이,https://via.placeholder.com/150,"원예용품, 갈고리"
줄셋트,,삼익*7본조,https://via.placeholder.com/150,"철공공구, 철공용줄"
쥐꼬리톱,,백마*J-210,https://via.placeholder.com/150,"원예용품, 전정톱"
쥐꼬리톱교체날,,백마*210mm용,https://via.placeholder.com/150,"원예용품, 전정톱"
지시저울,,20kg,https://via.placeholder.com/150,"측정공구, 저울"
직각자*카펜트스퀘어,,스탠리*400*600(45-530),https://via.placeholder.com/150,"측정공구, 직각자"
직쇼날(합판.PVC),,T-101B,https://via.placeholder.com/150,"절단날, 직쇼날"
직쇼날*스텐,,T-118AF/ T-318AF,https://via.placeholder.com/150,"절단날, 직쇼날"
직쇼날*스틸,,T-118A/ T-318A,https://via.placeholder.com/150,"절단날, 직쇼날"
직자,,블루버드*1000mm/ 블루버드*150mm/ 블루버드*300mm/ 블루버드*600mm,https://via.placeholder.com/150,"측정공구, 직자"
천페파,,60#/ 60#*50장,https://via.placeholder.com/150,"절단날, 사포"
철공용줄,,삼익*삼각*250mm*중목/ 삼익*원*250mm*중목/ 삼익*평*250mm*중목,https://via.placeholder.com/150,"철공공구, 철공용줄"
철근절단기*유압핸디용,,재창*JHC-25A,https://via.placeholder.com/150,"철공공구, 기타철공공구"
철삽*쇠막삽,,금학B,https://via.placeholder.com/150,"원예용품, 삽"
철쓰레받이,,철부삽,https://via.placeholder.com/150,"청소용품, 쓰레받이"
철필,,원방*초경/ 원방*초경샤프식,https://via.placeholder.com/150,"철공공구, 기타철공공구"
철헤라,,110mm/ 140mm/ 160mm/ 210mm/ 75mm,https://via.placeholder.com/150,"미장공구, 헤라"
체인렌치,,"슈퍼*ST-2""(25~170mm)/ 슈퍼*ST-2.5""(34~230mm)/ 편한손*KS-1100",https://via.placeholder.com/150,"스패너/렌치, 체인렌치"
체인블럭,,1.5TON*2.5m*1m*REX/ 1TON*2.5m*1m*REX/ 2TON*3.0m*2m*REX/ 3TON*3.0m*2m*REX,https://via.placeholder.com/150,"운반하역, 체인블록"
체인톱날,,91-28코*칼톤,https://via.placeholder.com/150,"절단날, 체인톱날"
칼라그립포켓몽키,,"스마토*6""*SM-C06S/ 스마토*8""*SM-C08S",https://via.placeholder.com/150,"스패너/렌치, 몽키스패너"
캇타칼,,화신*K204,https://via.placeholder.com/150,"칼/가위, 커터칼"
캇타칼날,,타지마*LCB50*18mm/ 타지마*LCB65*25mm,https://via.placeholder.com/150,"칼/가위, 커터칼"
캇타칼날*일반,,대*18mm/ 소*9mm,https://via.placeholder.com/150,"칼/가위, 커터칼"
컵브러쉬*반컵,,"4""",https://via.placeholder.com/150,"절단날, 휠브러쉬"
컵브러쉬*완컵,,"3""",https://via.placeholder.com/150,"절단날, 휠브러쉬"
컷쇼날*보쉬*강철우드,,S-1411DF/ S-711DF,https://via.placeholder.com/150,"절단날, 컷쇼날"
케미칼앙카건,,피셔*FIS AM,https://via.placeholder.com/150,"오일펌프/건, 케미칼앙카건"
코메론줄자,,네오화이바*30m*KMC330/ 네오화이바*50m*KMC330/ 맥그립*7.5m*25mm/ 셀프락2*5.5m*19mm/ 퍼팩트스틸*100m*KMC1000,https://via.placeholder.com/150,"측정공구, 줄자"
콘기리,,10mm*유니카~9.5mm*조란,https://via.placeholder.com/150,"기리, 콘기리"
타이어게이지*INFLATOR GAGE,,대원*DW-101,https://via.placeholder.com/150,"차량공구, 기타차량용품"
타일용 콘기리,,유니카*TR-3.2/ 유니카*TR-3.5/ 유니카*TR-6.4,https://via.placeholder.com/150,"기리, 유니카기리"
타일커터,,화남*700,https://via.placeholder.com/150,"커터, 타일커터"
타정기핀,,2.9mm*50mm*2000P/ 2.9mm*64mm*2000P/ 3.1mm*75mm*2000P/ 3.1mm*83mm*2000P/ 3.1mm*90mm*2000P,https://via.placeholder.com/150,"목공구, 타카핀"
타지마줄자,,GL25-7.5m,https://via.placeholder.com/150,"측정공구, 줄자"
타카건,,영우*1022~영우*FST15/50,https://via.placeholder.com/150,"목공구, 타카건"
타카핀,,1013~영우OMER*625,https://via.placeholder.com/150,"목공구, 타카핀"
터미널압착기,,대원*DK-19(1.5~16SQ),https://via.placeholder.com/150,"전설공구, 압착기"
톱낫,,만작*210mm,https://via.placeholder.com/150,"원예용품, 낫"
톱니고대,,광신*9치*B타입,https://via.placeholder.com/150,"미장공구, 고대"
톱작업대*HS201,,한솔*880*1620*800*조기대별도,https://via.placeholder.com/150,"목공구, 톱작업대"
톱조기대,,한솔*1200mm,https://via.placeholder.com/150,"목공구, 톱작업대"
톱줄,,"삼익 3""/ 삼익 4""/ 삼익 5""/ 삼익 6""",https://via.placeholder.com/150,"철공공구, 철공용줄"
파워젯호스,,포나*10m*일자형,https://via.placeholder.com/150,"원예용품, 호스릴"
파이프렌치,,"세신*10""*250mm~세신*8""*200mm",https://via.placeholder.com/150,"스패너/렌치, 파이프렌치"
파이프바라시빠루,,4자/ 5자,https://via.placeholder.com/150,"빠루, 파이프바라시빠루"
파이프커터 교체날,,슈퍼*VKS-20,https://via.placeholder.com/150,"커터, 파이프커터"
패카*신주,,10Φ*60mm,https://via.placeholder.com/150,"오일펌프/건, 니플패카"
패카*주물,,10Φ*60mm,https://via.placeholder.com/150,"오일펌프/건, 니플패카"
페인트마카펜,,백색,https://via.placeholder.com/150,"문구, 페인트마카"
페인트믹서기날,,스마토*10mm*100mm*대/ 스마토*8mm*65mm*소/ 스마토*8mm*85mm*중,https://via.placeholder.com/150,"기리, 믹서기날"
펜치,,"로브스타*8""*2508P/ 세신*8""T20",https://via.placeholder.com/150,"펜치/니퍼, 일반펜치"
평붓,,"1""/ 2""/ 3""/ 4""/ 5""",https://via.placeholder.com/150,"미장공구, 붓"
평컵플러스,,"이화*4""/ 이화*7""",https://via.placeholder.com/150,"절단날, 컵날"
포켓 디지털테스터,,태광*TK-3201,https://via.placeholder.com/150,"측정공구, 테스터기"
폴대,,1단2m/ 2단2m,https://via.placeholder.com/150,"측정공구, 레벨기"
폼건,,피셔*PUP-M1*메탈,https://via.placeholder.com/150,"오일펌프/건, 폼건"
프레타이절단기,,600mm,https://via.placeholder.com/150,"커터, 기타커터"
플라이어,,"세신*10""/ 세신*8""",https://via.placeholder.com/150,"플라이어, 플라이어"
피아노대차,,소*450*750,https://via.placeholder.com/150,"운반하역, 대차"
픽업툴*자석자바라,,스마토*SM-MF9,https://via.placeholder.com/150,"청소용품, 픽업툴"
하다,,철마*300mm/ 철마*450mm/ 철마*600mm/ 철마*900mm,https://via.placeholder.com/150,"철공공구, 하다"
하이스날*쇠톱날,,"바코*12""*18T/ 바코*12""*18T*10개",https://via.placeholder.com/150,"철공공구, 쇠톱"
함마망치,,광신*2LB*황색우레탄자루,https://via.placeholder.com/150,"망치, 함마망치"
함마양용드라이버,,6*100mm/ 6*150mm/ 6*200mm,https://via.placeholder.com/150,"드라이버, 함마드라이버"
함마용 코어비트,,38mm*SUN POWER/ 50mm*SUN POWER/ 63mm*SUN POWER/ 75mm*SUN POWER/ 90mm*SUN POWER,https://via.placeholder.com/150,"홀쏘코어, 함마용코어"
함마용 코어센터핀,,NO2*SUN POWER,https://via.placeholder.com/150,"홀쏘코어, 함마용코어"
함마용 코어아답타,,MAX*300mm*no1/ MAX*300mm*no2/ 육각*300mm*no1/ 육각*300mm*no2/ 육각*370mm*no2,https://via.placeholder.com/150,"홀쏘코어, 함마용코어"
함석가위*항공가위,,"EXPLOIT/ 올프로*직선용*황색/ 올프로*평*16""*01416*청색",https://via.placeholder.com/150,"칼/가위, 함석가위"
핸드리벳건,,피코스*HR-007*2.4~4.8,https://via.placeholder.com/150,"문구, 핸드리벳"
핸드파워풀러,,스마토*1TON*SM-HP11/ 스마토*2TON*SM-HP12,https://via.placeholder.com/150,"운반하역, 기타운반하역"
핸디소켓*1/2,,15mm~9mm,https://via.placeholder.com/150,"소켓렌치, 핸디소켓"
호쿠,,나무자루*4발,https://via.placeholder.com/150,"원예용품, 레기"
화이트보드,,600*900,https://via.placeholder.com/150,"문구, 화이트보드"
휠자석,,갈퀴형*1100,https://via.placeholder.com/150,"청소용품, 픽업툴"
흙손,,광신*1자*300mm/ 광신*9치*265mm,https://via.placeholder.com/150,"미장공구, 흙손"
흡착패드,,"4""용*칠성연마*DD4Y",https://via.placeholder.com/150,"절단날, 샌더페파"
흡착페파,,"4""*백색*60#",https://via.placeholder.com/150,"절단날, 샌더페파"
